,ZoneCode,ZoneName,RegeionCode,RegeionName,ProductCategoryName,BusinessNature,Budget,Sales
0,Z37,Brahmanbaria,R151,Brahmanbaria - B,ALCET,G,"170,800","175,598"
1,Z37,Brahmanbaria,R151,Brahmanbaria - B,GEMICIN,G,0,0
2,Z37,Brahmanbaria,R151,Brahmanbaria - B,RENOVIT,G,"25,007","20,240"
3,Z37,Brahmanbaria,R151,Brahmanbaria - B,ROXETIL,G,"1,567",0
4,Z37,Brahmanbaria,R151,Brahmanbaria - B,STENER,G,"8,433","7,309"
5,Z37,Brahmanbaria,R151,Brahmanbaria - B,VECTRA,G,"4,760","3,786"
6,Z37,Brahmanbaria,R153,MADHOBPUR,ATHENA,G,0,172
7,Z37,Brahmanbaria,R153,MADHOBPUR,CLACIDO,G,"67,568","60,710"
8,Z37,Brahmanbaria,R153,MADHOBPUR,EMISTAT,G,"173,146","146,182"
9,Z37,Brahmanbaria,R153,MADHOBPUR,FUROTIL PLUS,G,"163,916","137,824"
10,Z37,Brahmanbaria,R153,MADHOBPUR,LEXOPIL,G,"1,124","1,499"
11,Z37,Brahmanbaria,R153,MADHOBPUR,MAXNOR,G,0,0
12,Z37,Brahmanbaria,R153,MADHOBPUR,REEF-D,G,"47,976","51,649"
13,Z37,Brahmanbaria,R153,MADHOBPUR,SLIMFAST,G,"17,271","19,430"
14,Z37,Brahmanbaria,R153,MADHOBPUR,SYNDOL PLUS,G,0,180
15,Z37,Brahmanbaria,R153,MADHOBPUR,TREXAM,G,"4,498","8,996"
16,Z37,Brahmanbaria,R155,Brahmanbaria - C,CEVION,G,0,121
17,Z37,Brahmanbaria,R155,Brahmanbaria - C,CLEOCIN,G,"1,343",336
18,Z37,Brahmanbaria,R155,Brahmanbaria - C,CLONATRIL,G,"34,723",0
19,Z37,Brahmanbaria,R155,Brahmanbaria - C,DENTRO,G,900,"1,799"
20,Z37,Brahmanbaria,R155,Brahmanbaria - C,DENVAR,G,"225,929","198,024"
21,Z37,Brahmanbaria,R155,Brahmanbaria - C,FUROTIL PLUS,G,"153,724","150,989"
22,Z37,Brahmanbaria,R155,Brahmanbaria - C,NEOPENEM,G,"19,340","70,840"
23,Z37,Brahmanbaria,R155,Brahmanbaria - C,NFT-100,G,"5,397","9,895"
24,Z37,Brahmanbaria,R155,Brahmanbaria - C,RESQUIN,G,"1,079",0
25,Z37,Brahmanbaria,R155,Brahmanbaria - C,SANTE,G,"6,297","6,634"
26,Z37,Brahmanbaria,R155,Brahmanbaria - C,SKILOX,G,"24,604","28,955"
27,Z37,Brahmanbaria,R155,Brahmanbaria - C,SOLIVO,G,"37,331","34,205"
28,Z37,Brahmanbaria,R155,Brahmanbaria - C,VIFAS,G,"65,579","17,226"
29,Z37,Brahmanbaria,R155,Brahmanbaria - C,ZILAS,G,"13,156","10,795"
30,Z37,Brahmanbaria,R307,Brahmanbaria - A,AERON,G,"68,966","76,537"
31,Z37,Brahmanbaria,R307,Brahmanbaria - A,ANGENTA,G,"97,076","98,200"
32,Z37,Brahmanbaria,R307,Brahmanbaria - A,D-VINE,G,"6,379","8,527"
33,Z37,Brahmanbaria,R307,Brahmanbaria - A,IBIDA,G,"5,622","4,123"
34,Z37,Brahmanbaria,R307,Brahmanbaria - A,MENSIL N,G,"18,890","17,631"
35,Z37,Brahmanbaria,R307,Brahmanbaria - A,NOVEA,G,"2,024","2,564"
36,Z37,Brahmanbaria,R307,Brahmanbaria - A,OPAL,G,"23,988","20,240"
37,Z37,Brahmanbaria,R307,Brahmanbaria - A,ROZITH,G,"70,359","68,988"
38,Z37,Brahmanbaria,R307,Brahmanbaria - A,SYNDOL,G,0,191
39,Z37,Brahmanbaria,R307,Brahmanbaria - A,VASPINE,G,0,"3,838"
40,Z37,Brahmanbaria,R307,Brahmanbaria - A,YULIPRIS,G,0,948
41,Z37,Brahmanbaria,R307,Brahmanbaria - A,ZEROPAIN,G,"18,441","18,891"
42,Z37,Brahmanbaria,R321,NABINAGAR,ABICON,G,"13,493","8,658"
43,Z37,Brahmanbaria,R321,NABINAGAR,ANGENTA,G,"145,801","142,053"
44,Z37,Brahmanbaria,R321,NABINAGAR,BROMOXOL,G,"1,428",667
45,Z37,Brahmanbaria,R321,NABINAGAR,CAFEDON,G,"3,748",0
46,Z37,Brahmanbaria,R321,NABINAGAR,IBIDA,G,0,375
47,Z37,Brahmanbaria,R321,NABINAGAR,MENSIL N,G,"21,724","17,316"
48,Z37,Brahmanbaria,R321,NABINAGAR,OPAL,G,"47,226","42,728"
49,Z37,Brahmanbaria,R321,NABINAGAR,VASPINE,G,0,"12,954"
50,Z37,Brahmanbaria,R321,NABINAGAR,VISET,G,"111,357","94,123"
51,Z37,Brahmanbaria,R321,NABINAGAR,ZEROPAIN,G,"32,714","19,745"
52,Z37,Brahmanbaria,R321,NABINAGAR,ZYDUS,G,"9,655","5,457"
53,Z37,Brahmanbaria,R324,KOSBA,CEVION,G,0,0
54,Z37,Brahmanbaria,R324,KOSBA,DANILO,G,"15,607","15,562"
55,Z37,Brahmanbaria,R324,KOSBA,DENTRO,G,"2,474",900
56,Z37,Brahmanbaria,R324,KOSBA,DENVAR,G,"562,503","627,615"
57,Z37,Brahmanbaria,R324,KOSBA,FOSFOGEN,G,"2,886","6,822"
58,Z37,Brahmanbaria,R324,KOSBA,FUROTIL PLUS,G,"194,330","144,032"
59,Z37,Brahmanbaria,R324,KOSBA,MAXNOR,G,0,0
60,Z37,Brahmanbaria,R324,KOSBA,NEOPENEM,G,"8,433","14,730"
61,Z37,Brahmanbaria,R324,KOSBA,NFT-100,G,"4,048","4,348"
62,Z37,Brahmanbaria,R324,KOSBA,OXOFYLINE,G,"4,498","4,498"
63,Z37,Brahmanbaria,R324,KOSBA,RESQUIN,G,0,"1,349"
64,Z37,Brahmanbaria,R324,KOSBA,ROZITH,G,"134,100","118,381"
65,Z37,Brahmanbaria,R324,KOSBA,SANTE,G,"18,328","11,244"
66,Z37,Brahmanbaria,R324,KOSBA,SKILOX,G,"20,540","28,916"
67,Z37,Brahmanbaria,R324,KOSBA,VIFAS,G,"33,103","16,278"
68,Z37,Brahmanbaria,R324,KOSBA,ZILAS,G,"14,843","13,156"
69,Z37,Brahmanbaria,R324,KOSBA,ZOPIME,G,0,0
70,Z37,Brahmanbaria,R370,SARAIL,RESQUIN,G,810,0
71,Z37,Brahmanbaria,R370,SARAIL,ROSELA,G,"2,114","2,969"
72,Z37,Brahmanbaria,R370,SARAIL,ROZITH,G,"125,067","71,402"
73,Z37,Brahmanbaria,R370,SARAIL,VIFAS,G,"28,066","15,589"
74,Z37,Brahmanbaria,R370,SARAIL,ZILAS,G,"9,783","8,433"
75,Z37,Brahmanbaria,R541,AKHAURA,ACTILAC,G,"1,780","2,343"
76,Z37,Brahmanbaria,R541,AKHAURA,ALINIX,G,"9,101","11,695"
77,Z37,Brahmanbaria,R541,AKHAURA,BONDROVA,G,"17,631","16,162"
78,Z37,Brahmanbaria,R541,AKHAURA,FERISEN,G,"42,736","33,156"
79,Z37,Brahmanbaria,R541,AKHAURA,HYALGUN,G,0,0
80,Z37,Brahmanbaria,R541,AKHAURA,POGO,G,"52,247","52,097"
81,Z37,Brahmanbaria,R541,AKHAURA,ROCEF,G,"6,829","4,243"
82,Z37,Brahmanbaria,R541,AKHAURA,SYNFLEX,G,0,0
83,Z37,Brahmanbaria,R541,AKHAURA,VORIFAST,G,"44,678","37,107"
84,Z37,Brahmanbaria,R560,VIS-B.Baria,AVIRAX,V,210,0
85,Z37,Brahmanbaria,R560,VIS-B.Baria,BETMIRA ER,V,"8,433","8,733"
86,Z37,Brahmanbaria,R560,VIS-B.Baria,NEURAL TAB,V,"8,028","9,558"
87,Z37,Brahmanbaria,R560,VIS-B.Baria,POTACIT,V,"54,275","71,517"
88,Z37,Brahmanbaria,R560,VIS-B.Baria,REGLER,G,"101,769","73,320"
89,Z37,Brahmanbaria,R560,VIS-B.Baria,RESIDON,V,"21,072","17,234"
90,Z37,Brahmanbaria,R151,Brahmanbaria - B,ALINIX,G,"12,490","9,004"
91,Z37,Brahmanbaria,R151,Brahmanbaria - B,AVANZA,G,"12,639","6,927"
92,Z37,Brahmanbaria,R151,Brahmanbaria - B,MAXNOR,G,0,0
93,Z37,Brahmanbaria,R151,Brahmanbaria - B,NIRVANA,G,0,0
94,Z37,Brahmanbaria,R151,Brahmanbaria - B,POGO,G,"45,801","32,008"
95,Z37,Brahmanbaria,R151,Brahmanbaria - B,PREGEL,G,0,0
96,Z37,Brahmanbaria,R151,Brahmanbaria - B,SLIMFAST,G,"32,384","48,576"
97,Z37,Brahmanbaria,R151,Brahmanbaria - B,VISET,G,"81,237","61,709"
98,Z37,Brahmanbaria,R153,MADHOBPUR,AERON,G,"127,811","117,692"
99,Z37,Brahmanbaria,R153,MADHOBPUR,BONTIV,G,"8,815","8,060"
100,Z37,Brahmanbaria,R153,MADHOBPUR,FERISEN,G,"106,206","97,421"
101,Z37,Brahmanbaria,R153,MADHOBPUR,FUROTIL,G,"91,072","82,785"
102,Z37,Brahmanbaria,R153,MADHOBPUR,LYRIC,G,"55,382","46,252"
103,Z37,Brahmanbaria,R153,MADHOBPUR,MYOREL,G,"3,531","1,895"
104,Z37,Brahmanbaria,R153,MADHOBPUR,RENOVIT,G,"47,946","41,095"
105,Z37,Brahmanbaria,R153,MADHOBPUR,ROCAL,G,"77,999","71,230"
106,Z37,Brahmanbaria,R153,MADHOBPUR,ROCIPRO,G,"6,612","2,519"
107,Z37,Brahmanbaria,R153,MADHOBPUR,SANGRIL,G,"6,702","10,345"
108,Z37,Brahmanbaria,R153,MADHOBPUR,VECTRA,G,"14,243","14,580"
109,Z37,Brahmanbaria,R155,Brahmanbaria - C,AERON,G,"64,318","78,861"
110,Z37,Brahmanbaria,R155,Brahmanbaria - C,ANGENTA,G,"97,451","110,944"
111,Z37,Brahmanbaria,R155,Brahmanbaria - C,AROXOL,G,"1,765","1,687"
112,Z37,Brahmanbaria,R155,Brahmanbaria - C,IBIDA,G,"4,123","2,999"
113,Z37,Brahmanbaria,R155,Brahmanbaria - C,MENSIL N,G,"17,631","11,019"
114,Z37,Brahmanbaria,R155,Brahmanbaria - C,ROZITH,G,"76,922","63,279"
115,Z37,Brahmanbaria,R155,Brahmanbaria - C,SERGEL,G,"2,620,863","2,711,657"
116,Z37,Brahmanbaria,R155,Brahmanbaria - C,TICOPLAN,G,0,0
117,Z37,Brahmanbaria,R307,Brahmanbaria - A,ALINIX,G,"10,065","11,489"
118,Z37,Brahmanbaria,R307,Brahmanbaria - A,DENTRO,G,"2,249",450
119,Z37,Brahmanbaria,R307,Brahmanbaria - A,FELURIC,G,"1,079","1,619"
120,Z37,Brahmanbaria,R307,Brahmanbaria - A,FUROTIL PLUS,G,"147,472","169,547"
121,Z37,Brahmanbaria,R307,Brahmanbaria - A,POGO,G,"49,174","43,027"
122,Z37,Brahmanbaria,R307,Brahmanbaria - A,RESQUIN,G,0,0
123,Z37,Brahmanbaria,R307,Brahmanbaria - A,SKILOX,G,"21,702","32,613"
124,Z37,Brahmanbaria,R307,Brahmanbaria - A,VIFAS,G,"14,231","9,374"
125,Z37,Brahmanbaria,R307,Brahmanbaria - A,ZILAS,G,"9,783","4,723"
126,Z37,Brahmanbaria,R321,NABINAGAR,ACTILAC,G,"4,591","2,530"
127,Z37,Brahmanbaria,R321,NABINAGAR,ALINIX,G,"5,956","6,151"
128,Z37,Brahmanbaria,R321,NABINAGAR,DENTRO,G,"2,924","1,349"
129,Z37,Brahmanbaria,R321,NABINAGAR,FELURIC,G,810,"1,349"
130,Z37,Brahmanbaria,R321,NABINAGAR,PALZEN,G,0,"1,124"
131,Z37,Brahmanbaria,R321,NABINAGAR,POGO,G,"84,105","66,564"
132,Z37,Brahmanbaria,R321,NABINAGAR,RESQUIN,G,0,0
133,Z37,Brahmanbaria,R321,NABINAGAR,ROZITH,G,"167,341","131,131"
134,Z37,Brahmanbaria,R321,NABINAGAR,SKILOX,G,"9,628","16,517"
135,Z37,Brahmanbaria,R321,NABINAGAR,SYNFLEX,G,"4,205","4,396"
136,Z37,Brahmanbaria,R321,NABINAGAR,VIFAS,G,"39,685","34,131"
137,Z37,Brahmanbaria,R321,NABINAGAR,ZILAS,G,"15,180","15,855"
138,Z37,Brahmanbaria,R324,KOSBA,ABICON,G,"14,617","7,983"
139,Z37,Brahmanbaria,R324,KOSBA,AERON,G,"179,611","155,248"
140,Z37,Brahmanbaria,R324,KOSBA,ANGENTA,G,"179,909","170,539"
141,Z37,Brahmanbaria,R324,KOSBA,CLEOCIN,G,0,336
142,Z37,Brahmanbaria,R324,KOSBA,IBIDA,G,0,"2,999"
143,Z37,Brahmanbaria,R324,KOSBA,MENSIL N,G,"27,076","22,983"
144,Z37,Brahmanbaria,R324,KOSBA,SOLIVO,G,"50,172","65,554"
145,Z37,Brahmanbaria,R324,KOSBA,ZYDUS,G,"12,594","14,693"
146,Z37,Brahmanbaria,R370,SARAIL,BONTIV,G,"10,579","7,808"
147,Z37,Brahmanbaria,R370,SARAIL,BROMOXOL,G,513,"1,499"
148,Z37,Brahmanbaria,R370,SARAIL,CAFEDON,G,"13,868","14,618"
149,Z37,Brahmanbaria,R370,SARAIL,CANDINIL,G,"14,968","11,361"
150,Z37,Brahmanbaria,R370,SARAIL,CLONATRIL,G,"29,191",0
151,Z37,Brahmanbaria,R370,SARAIL,FELURIC,G,0,270
152,Z37,Brahmanbaria,R370,SARAIL,ORICEF,G,"277,371","190,219"
153,Z37,Brahmanbaria,R370,SARAIL,PALZEN,G,0,375
154,Z37,Brahmanbaria,R370,SARAIL,ROCIPRO,G,"2,519",945
155,Z37,Brahmanbaria,R370,SARAIL,SANTOGEN,G,"70,391","44,753"
156,Z37,Brahmanbaria,R370,SARAIL,SYNDOL,G,0,0
157,Z37,Brahmanbaria,R370,SARAIL,ZOVENTA,G,"22,489","13,043"
158,Z37,Brahmanbaria,R541,AKHAURA,ALCET,G,"215,439","229,907"
159,Z37,Brahmanbaria,R541,AKHAURA,BONTIV,G,"5,793","5,541"
160,Z37,Brahmanbaria,R541,AKHAURA,BROMOXOL,G,244,"1,417"
161,Z37,Brahmanbaria,R541,AKHAURA,CAFEDON,G,"6,372","4,873"
162,Z37,Brahmanbaria,R541,AKHAURA,ESITA,G,"29,985","31,634"
163,Z37,Brahmanbaria,R541,AKHAURA,FELURIC,G,540,"1,079"
164,Z37,Brahmanbaria,R541,AKHAURA,FUROTIL,G,"59,558","43,632"
165,Z37,Brahmanbaria,R541,AKHAURA,GEMICIN,G,0,0
166,Z37,Brahmanbaria,R541,AKHAURA,MYOREL,G,928,"1,490"
167,Z37,Brahmanbaria,R541,AKHAURA,NUTRILIVE,G,"1,837",0
168,Z37,Brahmanbaria,R541,AKHAURA,ROCAL,G,"46,972","58,434"
169,Z37,Brahmanbaria,R541,AKHAURA,ROCIPRO,G,"1,574",0
170,Z37,Brahmanbaria,R541,AKHAURA,STENER,G,"6,522","7,984"
171,Z37,Brahmanbaria,R541,AKHAURA,SYNDOL,G,0,0
172,Z37,Brahmanbaria,R541,AKHAURA,TERNILLA,G,"32,287","30,630"
173,Z37,Brahmanbaria,R541,AKHAURA,VASPINE,G,0,0
174,Z37,Brahmanbaria,R560,VIS-B.Baria,ALLET,V,"3,381","1,402"
175,Z37,Brahmanbaria,R560,VIS-B.Baria,ANDEP,V,"17,298","15,836"
176,Z37,Brahmanbaria,R560,VIS-B.Baria,ELVINA,V,"65,682","51,829"
177,Z37,Brahmanbaria,R560,VIS-B.Baria,EYEPHEN PLUS,V,"5,509","1,889"
178,Z37,Brahmanbaria,R560,VIS-B.Baria,MIREZ,V,"16,136","15,101"
179,Z37,Brahmanbaria,R560,VIS-B.Baria,NEPAFIX,V,"2,305","2,136"
180,Z37,Brahmanbaria,R560,VIS-B.Baria,NOCPRES,V,"2,024","8,433"
181,Z37,Brahmanbaria,R560,VIS-B.Baria,PULMOCARE INHALER,R,"31,237","31,432"
182,Z37,Brahmanbaria,R560,VIS-B.Baria,RIZAMIG,V,"18,362",0
183,Z37,Brahmanbaria,R560,VIS-B.Baria,TOLFORT,V,"7,646","2,474"
184,Z37,Brahmanbaria,R560,VIS-B.Baria,TR CARE EYE DROP,V,"33,809","28,243"
185,Z37,Brahmanbaria,R151,Brahmanbaria - B,AERON,G,"76,762","61,095"
186,Z37,Brahmanbaria,R151,Brahmanbaria - B,ANGENTA,G,"104,197","113,942"
187,Z37,Brahmanbaria,R151,Brahmanbaria - B,BROMOXOL,G,"2,504","2,437"
188,Z37,Brahmanbaria,R151,Brahmanbaria - B,CAFEDON,G,"3,748","1,124"
189,Z37,Brahmanbaria,R151,Brahmanbaria - B,FERISEN,G,"57,518","98,298"
190,Z37,Brahmanbaria,R151,Brahmanbaria - B,NAPRYN,G,"53,965","45,217"
191,Z37,Brahmanbaria,R151,Brahmanbaria - B,OPAL,G,"14,618","14,618"
192,Z37,Brahmanbaria,R151,Brahmanbaria - B,OXOFYLINE,G,"3,073","1,799"
193,Z37,Brahmanbaria,R151,Brahmanbaria - B,PRENAT,G,"15,742","13,718"
194,Z37,Brahmanbaria,R151,Brahmanbaria - B,REEF-D,G,"63,193","69,490"
195,Z37,Brahmanbaria,R151,Brahmanbaria - B,SANGRIL,G,"3,418","2,991"
196,Z37,Brahmanbaria,R151,Brahmanbaria - B,SYNDOL PLUS,G,0,0
197,Z37,Brahmanbaria,R151,Brahmanbaria - B,VASPINE,G,0,480
198,Z37,Brahmanbaria,R151,Brahmanbaria - B,ZEROPAIN,G,"15,143","9,131"
199,Z37,Brahmanbaria,R151,Brahmanbaria - B,ZYDUS,G,"15,952","23,928"
200,Z37,Brahmanbaria,R153,MADHOBPUR,ESITA,G,"43,478","43,853"
201,Z37,Brahmanbaria,R153,MADHOBPUR,OXAGON,G,0,0
202,Z37,Brahmanbaria,R153,MADHOBPUR,SERGEL,G,"3,300,712","2,527,338"
203,Z37,Brahmanbaria,R153,MADHOBPUR,ZOVENTA,G,"32,744","11,964"
204,Z37,Brahmanbaria,R155,Brahmanbaria - C,ABICON,G,"8,208","2,136"
205,Z37,Brahmanbaria,R155,Brahmanbaria - C,BONDROVA,G,"24,978","26,882"
206,Z37,Brahmanbaria,R155,Brahmanbaria - C,D-VINE,G,"5,112","5,937"
207,Z37,Brahmanbaria,R155,Brahmanbaria - C,FELURIC,G,"1,079",270
208,Z37,Brahmanbaria,R155,Brahmanbaria - C,FOSFOGEN,G,"2,624","2,624"
209,Z37,Brahmanbaria,R155,Brahmanbaria - C,FUROTIL,G,"49,026","36,867"
210,Z37,Brahmanbaria,R155,Brahmanbaria - C,HYALGUN,G,"4,453",0
211,Z37,Brahmanbaria,R155,Brahmanbaria - C,NOVEA,G,"2,451","3,351"
212,Z37,Brahmanbaria,R155,Brahmanbaria - C,ROCEF,G,"6,889","6,822"
213,Z37,Brahmanbaria,R155,Brahmanbaria - C,SYNFLEX,G,0,0
214,Z37,Brahmanbaria,R155,Brahmanbaria - C,VORIFAST,G,"48,276","38,681"
215,Z37,Brahmanbaria,R307,Brahmanbaria - A,AROXOL,G,"1,402","1,012"
216,Z37,Brahmanbaria,R307,Brahmanbaria - A,CLONATRIL,G,"40,165",0
217,Z37,Brahmanbaria,R307,Brahmanbaria - A,ESITA,G,"38,756","37,556"
218,Z37,Brahmanbaria,R307,Brahmanbaria - A,GEMICIN,G,0,0
219,Z37,Brahmanbaria,R307,Brahmanbaria - A,NUTRILIVE,G,"2,624","1,312"
220,Z37,Brahmanbaria,R307,Brahmanbaria - A,OXAGON,G,562,0
221,Z37,Brahmanbaria,R307,Brahmanbaria - A,PREGEL,G,0,562
222,Z37,Brahmanbaria,R307,Brahmanbaria - A,SOLIVO,G,"34,408","25,974"
223,Z37,Brahmanbaria,R307,Brahmanbaria - A,ZOVENTA,G,"40,660","40,750"
224,Z37,Brahmanbaria,R321,NABINAGAR,AROXOL,G,"5,528","5,700"
225,Z37,Brahmanbaria,R321,NABINAGAR,CLEOCIN,G,"2,351","1,904"
226,Z37,Brahmanbaria,R321,NABINAGAR,CLONATRIL,G,"31,574",0
227,Z37,Brahmanbaria,R321,NABINAGAR,GEMICIN,G,0,0
228,Z37,Brahmanbaria,R321,NABINAGAR,RENOVIT,G,"59,370","46,147"
229,Z37,Brahmanbaria,R321,NABINAGAR,SOLIVO,G,"37,578","38,411"
230,Z37,Brahmanbaria,R321,NABINAGAR,TERNILLA,G,"30,848","40,690"
231,Z37,Brahmanbaria,R324,KOSBA,ALINIX,G,"7,426","10,987"
232,Z37,Brahmanbaria,R324,KOSBA,CANDINIL,G,"20,609","20,869"
233,Z37,Brahmanbaria,R324,KOSBA,MYOREL,G,"2,603","1,524"
234,Z37,Brahmanbaria,R324,KOSBA,ORICEF,G,"247,798","283,443"
235,Z37,Brahmanbaria,R324,KOSBA,POGO,G,"77,059","51,498"
236,Z37,Brahmanbaria,R324,KOSBA,PRENAT,G,"23,928","23,838"
237,Z37,Brahmanbaria,R324,KOSBA,ROCAL,G,"112,218","119,455"
238,Z37,Brahmanbaria,R324,KOSBA,SANTOGEN,G,"74,439","64,094"
239,Z37,Brahmanbaria,R324,KOSBA,TERNILLA,G,"34,281","31,500"
240,Z37,Brahmanbaria,R370,SARAIL,ACTILAC,G,"2,249","3,748"
241,Z37,Brahmanbaria,R370,SARAIL,AERON,G,"94,828","83,059"
242,Z37,Brahmanbaria,R370,SARAIL,ALINIX,G,"10,586","12,580"
243,Z37,Brahmanbaria,R370,SARAIL,ANGENTA,G,"90,329","77,960"
244,Z37,Brahmanbaria,R370,SARAIL,AROXOL,G,"3,992","4,123"
245,Z37,Brahmanbaria,R370,SARAIL,BONDROVA,G,"8,816","8,816"
246,Z37,Brahmanbaria,R370,SARAIL,ESITA,G,"30,660","21,664"
247,Z37,Brahmanbaria,R370,SARAIL,FERISEN,G,"39,220","32,796"
248,Z37,Brahmanbaria,R370,SARAIL,HYALGUN,G,0,0
249,Z37,Brahmanbaria,R370,SARAIL,POGO,G,"60,043","50,298"
250,Z37,Brahmanbaria,R370,SARAIL,ROCEF,G,"12,991","13,306"
251,Z37,Brahmanbaria,R370,SARAIL,SYNFLEX,G,0,0
252,Z37,Brahmanbaria,R370,SARAIL,VORIFAST,G,"24,213","25,712"
253,Z37,Brahmanbaria,R370,SARAIL,ZYDUS,G,"3,358","4,618"
254,Z37,Brahmanbaria,R541,AKHAURA,EMISTAT,G,"137,487","133,903"
255,Z37,Brahmanbaria,R541,AKHAURA,ROSELA,G,"1,889","4,543"
256,Z37,Brahmanbaria,R541,AKHAURA,VIFAS,G,"22,736","13,010"
257,Z37,Brahmanbaria,R560,VIS-B.Baria,EYEPHEN,V,"5,098","3,416"
258,Z37,Brahmanbaria,R560,VIS-B.Baria,FORMOCORT,R,"13,493","12,069"
259,Z37,Brahmanbaria,R560,VIS-B.Baria,MUPIDERM,V,"286,304","301,416"
260,Z37,Brahmanbaria,R560,VIS-B.Baria,ROCIPRO PLUS ED,V,"15,742","3,935"
261,Z37,Brahmanbaria,R560,VIS-B.Baria,TINACTIN,V,"3,298","2,309"
262,Z37,Brahmanbaria,R560,VIS-B.Baria,TINACURE,V,0,420
263,Z37,Brahmanbaria,R151,Brahmanbaria - B,CANDINIL,G,"13,273","7,201"
264,Z37,Brahmanbaria,R151,Brahmanbaria - B,CLACIDO,G,"37,231","41,204"
265,Z37,Brahmanbaria,R151,Brahmanbaria - B,DANILO,G,"5,083","2,316"
266,Z37,Brahmanbaria,R151,Brahmanbaria - B,LYRIC,G,"51,199","49,385"
267,Z37,Brahmanbaria,R151,Brahmanbaria - B,MYOREL,G,928,186
268,Z37,Brahmanbaria,R151,Brahmanbaria - B,NFT-100,G,"5,397","4,048"
269,Z37,Brahmanbaria,R151,Brahmanbaria - B,ORICEF,G,"625,925","698,758"
270,Z37,Brahmanbaria,R151,Brahmanbaria - B,PALZEN,G,0,0
271,Z37,Brahmanbaria,R151,Brahmanbaria - B,ROCAL,G,"38,868","50,810"
272,Z37,Brahmanbaria,R151,Brahmanbaria - B,SANTE,G,"5,397","6,522"
273,Z37,Brahmanbaria,R151,Brahmanbaria - B,SANTOGEN,G,"57,122","38,231"
274,Z37,Brahmanbaria,R151,Brahmanbaria - B,TERNILLA,G,"20,533","21,695"
275,Z37,Brahmanbaria,R151,Brahmanbaria - B,TREXAM,G,"3,148","3,148"
276,Z37,Brahmanbaria,R153,MADHOBPUR,AVANZA,G,"10,885","8,861"
277,Z37,Brahmanbaria,R153,MADHOBPUR,BONDROVA,G,"23,508","27,916"
278,Z37,Brahmanbaria,R153,MADHOBPUR,CLONATRIL,G,"54,513",0
279,Z37,Brahmanbaria,R153,MADHOBPUR,D-VINE,G,"3,148","7,140"
280,Z37,Brahmanbaria,R153,MADHOBPUR,DANILO,G,"14,056","8,096"
281,Z37,Brahmanbaria,R153,MADHOBPUR,FELURIC,G,"1,619","2,969"
282,Z37,Brahmanbaria,R153,MADHOBPUR,FOSFOGEN,G,"7,609","7,084"
283,Z37,Brahmanbaria,R153,MADHOBPUR,GEMICIN,G,0,0
284,Z37,Brahmanbaria,R153,MADHOBPUR,NOVEA,G,"9,175","5,667"
285,Z37,Brahmanbaria,R153,MADHOBPUR,PALZEN,G,750,0
286,Z37,Brahmanbaria,R153,MADHOBPUR,ROXETIL,G,"1,923",0
287,Z37,Brahmanbaria,R153,MADHOBPUR,STENER,G,"6,522","4,385"
288,Z37,Brahmanbaria,R153,MADHOBPUR,SYNFLEX,G,0,0
289,Z37,Brahmanbaria,R153,MADHOBPUR,TERNILLA,G,"23,276","18,756"
290,Z37,Brahmanbaria,R153,MADHOBPUR,VORIFAST,G,"37,107","28,261"
291,Z37,Brahmanbaria,R153,MADHOBPUR,ZILAS,G,"10,795","3,036"
292,Z37,Brahmanbaria,R155,Brahmanbaria - C,ACTILAC,G,"2,530",94
293,Z37,Brahmanbaria,R155,Brahmanbaria - C,EMISTAT,G,"137,772","138,596"
294,Z37,Brahmanbaria,R155,Brahmanbaria - C,ESITA,G,"33,059","42,954"
295,Z37,Brahmanbaria,R155,Brahmanbaria - C,GEMICIN,G,0,0
296,Z37,Brahmanbaria,R155,Brahmanbaria - C,NUTRILIVE,G,"4,198","1,312"
297,Z37,Brahmanbaria,R155,Brahmanbaria - C,OXAGON,G,0,0
298,Z37,Brahmanbaria,R155,Brahmanbaria - C,ROSELA,G,"5,712","14,438"
299,Z37,Brahmanbaria,R155,Brahmanbaria - C,SYNDOL,G,0,0
300,Z37,Brahmanbaria,R155,Brahmanbaria - C,ZOVENTA,G,"34,003","17,181"
301,Z37,Brahmanbaria,R307,Brahmanbaria - A,ABICON,G,"8,096","6,184"
302,Z37,Brahmanbaria,R307,Brahmanbaria - A,BONTIV,G,"7,052","6,549"
303,Z37,Brahmanbaria,R307,Brahmanbaria - A,CAFEDON,G,"5,622","1,124"
304,Z37,Brahmanbaria,R307,Brahmanbaria - A,CLEOCIN,G,0,336
305,Z37,Brahmanbaria,R307,Brahmanbaria - A,DENVAR,G,"306,068","310,270"
306,Z37,Brahmanbaria,R307,Brahmanbaria - A,EMISTAT,G,"145,396","148,634"
307,Z37,Brahmanbaria,R307,Brahmanbaria - A,FUROTIL,G,"77,088","94,400"
308,Z37,Brahmanbaria,R307,Brahmanbaria - A,HYALGUN,G,"5,937",0
309,Z37,Brahmanbaria,R307,Brahmanbaria - A,NEOPENEM,G,"64,993","116,830"
310,Z37,Brahmanbaria,R307,Brahmanbaria - A,OXOFYLINE,G,"3,673","2,998"
311,Z37,Brahmanbaria,R307,Brahmanbaria - A,RENOVIT,G,"28,426","29,348"
312,Z37,Brahmanbaria,R307,Brahmanbaria - A,ROCEF,G,"10,049","6,675"
313,Z37,Brahmanbaria,R307,Brahmanbaria - A,ROCIPRO,G,"1,889",0
314,Z37,Brahmanbaria,R321,NABINAGAR,AERON,G,"144,753","149,251"
315,Z37,Brahmanbaria,R321,NABINAGAR,BONTIV,G,"17,883","18,135"
316,Z37,Brahmanbaria,R321,NABINAGAR,DENVAR,G,"479,201","461,762"
317,Z37,Brahmanbaria,R321,NABINAGAR,EMISTAT,G,"158,461","172,561"
318,Z37,Brahmanbaria,R321,NABINAGAR,ESITA,G,"35,832","47,002"
319,Z37,Brahmanbaria,R321,NABINAGAR,FUROTIL,G,"76,248","69,633"
320,Z37,Brahmanbaria,R321,NABINAGAR,HYALGUN,G,0,0
321,Z37,Brahmanbaria,R321,NABINAGAR,NEOPENEM,G,"12,369","39,468"
322,Z37,Brahmanbaria,R321,NABINAGAR,ROCEF,G,"26,990","28,546"
323,Z37,Brahmanbaria,R321,NABINAGAR,ROCIPRO,G,"2,204","1,574"
324,Z37,Brahmanbaria,R321,NABINAGAR,ROSELA,G,"10,660","20,151"
325,Z37,Brahmanbaria,R321,NABINAGAR,ZOPIME,G,0,0
326,Z37,Brahmanbaria,R324,KOSBA,ALCET,G,"265,327","251,946"
327,Z37,Brahmanbaria,R324,KOSBA,CLACIDO,G,"65,331","89,971"
328,Z37,Brahmanbaria,R324,KOSBA,D-VINE,G,"7,286","12,384"
329,Z37,Brahmanbaria,R324,KOSBA,NAPRYN,G,"108,410","118,455"
330,Z37,Brahmanbaria,R324,KOSBA,NOVEA,G,"2,699","3,238"
331,Z37,Brahmanbaria,R324,KOSBA,OPAL,G,"84,332","103,448"
332,Z37,Brahmanbaria,R324,KOSBA,PALZEN,G,"2,249",375
333,Z37,Brahmanbaria,R324,KOSBA,REEF-D,G,"78,410","102,136"
334,Z37,Brahmanbaria,R324,KOSBA,STENER,G,"7,646","6,522"
335,Z37,Brahmanbaria,R324,KOSBA,TREXAM,G,"1,799",450
336,Z37,Brahmanbaria,R324,KOSBA,ZEROPAIN,G,"18,891","21,635"
337,Z37,Brahmanbaria,R370,SARAIL,ATHENA,G,0,517
338,Z37,Brahmanbaria,R370,SARAIL,LEXOPIL,G,"1,124","2,811"
339,Z37,Brahmanbaria,R370,SARAIL,RENOVIT,G,"34,003","23,276"
340,Z37,Brahmanbaria,R370,SARAIL,SERGEL,G,"2,306,335","2,093,681"
341,Z37,Brahmanbaria,R370,SARAIL,SOLIVO,G,"29,595","26,739"
342,Z37,Brahmanbaria,R370,SARAIL,VISET,G,"123,351","110,697"
343,Z37,Brahmanbaria,R541,AKHAURA,FUROTIL PLUS,G,"127,763","99,598"
344,Z37,Brahmanbaria,R541,AKHAURA,LEXOPIL,G,937,"1,687"
345,Z37,Brahmanbaria,R541,AKHAURA,RENOVIT,G,"36,912","34,738"
346,Z37,Brahmanbaria,R541,AKHAURA,ROZITH,G,"62,706","46,481"
347,Z37,Brahmanbaria,R541,AKHAURA,SERGEL,G,"2,521,641","2,444,670"
348,Z37,Brahmanbaria,R541,AKHAURA,SOLIVO,G,"43,178","29,123"
349,Z37,Brahmanbaria,R541,AKHAURA,VISET,G,"56,758","38,493"
350,Z37,Brahmanbaria,R560,VIS-B.Baria,ALLET DS EYE DROPS,V,"10,255","1,619"
351,Z37,Brahmanbaria,R560,VIS-B.Baria,EFYNAL,G,"1,584","2,558"
352,Z37,Brahmanbaria,R560,VIS-B.Baria,LEPTAL,V,0,0
353,Z37,Brahmanbaria,R560,VIS-B.Baria,MOXIVIN,V,"97,748","63,582"
354,Z37,Brahmanbaria,R560,VIS-B.Baria,PROLIMUS,V,"8,771","7,196"
355,Z37,Brahmanbaria,R560,VIS-B.Baria,QUTAP,V,"17,541","23,276"
356,Z37,Brahmanbaria,R560,VIS-B.Baria,SPECTAZOLE,V,"75,009","57,738"
357,Z37,Brahmanbaria,R560,VIS-B.Baria,TAMISOL MR,V,"23,613","20,465"
358,Z37,Brahmanbaria,R560,VIS-B.Baria,TEMOVATE,V,"5,000","3,967"
359,Z37,Brahmanbaria,R151,Brahmanbaria - B,CEVION,G,0,0
360,Z37,Brahmanbaria,R151,Brahmanbaria - B,CLEOCIN,G,0,0
361,Z37,Brahmanbaria,R151,Brahmanbaria - B,CLONATRIL,G,"44,348",0
362,Z37,Brahmanbaria,R151,Brahmanbaria - B,DENVAR,G,"342,147","364,163"
363,Z37,Brahmanbaria,R151,Brahmanbaria - B,FUROTIL PLUS,G,"158,833","140,006"
364,Z37,Brahmanbaria,R151,Brahmanbaria - B,SOLIVO,G,"46,326","30,360"
365,Z37,Brahmanbaria,R153,MADHOBPUR,ANGENTA,G,"175,036","154,047"
366,Z37,Brahmanbaria,R153,MADHOBPUR,CAFEDON,G,"12,369","1,499"
367,Z37,Brahmanbaria,R153,MADHOBPUR,IBIDA,G,"1,499",750
368,Z37,Brahmanbaria,R153,MADHOBPUR,MENSIL N,G,"25,817","18,576"
369,Z37,Brahmanbaria,R153,MADHOBPUR,OPAL,G,"36,357","29,985"
370,Z37,Brahmanbaria,R153,MADHOBPUR,ROSELA,G,"2,969","3,598"
371,Z37,Brahmanbaria,R153,MADHOBPUR,ROZITH,G,"103,691","51,930"
372,Z37,Brahmanbaria,R153,MADHOBPUR,SYNDOL,G,0,0
373,Z37,Brahmanbaria,R153,MADHOBPUR,VASPINE,G,"1,439","2,399"
374,Z37,Brahmanbaria,R155,Brahmanbaria - C,ALCET,G,"170,275","179,533"
375,Z37,Brahmanbaria,R155,Brahmanbaria - C,AVANZA,G,"11,334","4,273"
376,Z37,Brahmanbaria,R155,Brahmanbaria - C,BONTIV,G,"6,045","5,289"
377,Z37,Brahmanbaria,R155,Brahmanbaria - C,LYRIC,G,"43,403","44,798"
378,Z37,Brahmanbaria,R155,Brahmanbaria - C,NIRVANA,G,0,114
379,Z37,Brahmanbaria,R155,Brahmanbaria - C,RENOVIT,G,"32,204","45,540"
380,Z37,Brahmanbaria,R155,Brahmanbaria - C,ROCIPRO,G,"1,475",846
381,Z37,Brahmanbaria,R155,Brahmanbaria - C,ROXETIL,G,"1,709",712
382,Z37,Brahmanbaria,R155,Brahmanbaria - C,STENER,G,"5,847","6,184"
383,Z37,Brahmanbaria,R155,Brahmanbaria - C,VECTRA,G,"4,048","2,924"
384,Z37,Brahmanbaria,R307,Brahmanbaria - A,ACTILAC,G,"3,748","7,496"
385,Z37,Brahmanbaria,R307,Brahmanbaria - A,ATHENA,G,0,345
386,Z37,Brahmanbaria,R307,Brahmanbaria - A,BROMOXOL,G,330,0
387,Z37,Brahmanbaria,R307,Brahmanbaria - A,CLACIDO,G,"41,312","31,543"
388,Z37,Brahmanbaria,R307,Brahmanbaria - A,FERISEN,G,"47,504","57,608"
389,Z37,Brahmanbaria,R307,Brahmanbaria - A,LEXOPIL,G,"1,124","1,499"
390,Z37,Brahmanbaria,R307,Brahmanbaria - A,REEF-D,G,"54,947","54,123"
391,Z37,Brahmanbaria,R307,Brahmanbaria - A,SANGRIL,G,"3,418","3,126"
392,Z37,Brahmanbaria,R307,Brahmanbaria - A,SYNDOL PLUS,G,0,0
393,Z37,Brahmanbaria,R307,Brahmanbaria - A,TREXAM,G,"1,799","1,349"
394,Z37,Brahmanbaria,R307,Brahmanbaria - A,VISET,G,"65,041","58,381"
395,Z37,Brahmanbaria,R321,NABINAGAR,CLACIDO,G,"67,378","74,592"
396,Z37,Brahmanbaria,R321,NABINAGAR,DANILO,G,"25,030","28,336"
397,Z37,Brahmanbaria,R321,NABINAGAR,FERISEN,G,"40,157","38,740"
398,Z37,Brahmanbaria,R321,NABINAGAR,FOSFOGEN,G,"7,609","9,708"
399,Z37,Brahmanbaria,R321,NABINAGAR,FUROTIL PLUS,G,"187,997","185,514"
400,Z37,Brahmanbaria,R321,NABINAGAR,LEXOPIL,G,"1,874","1,687"
401,Z37,Brahmanbaria,R321,NABINAGAR,NAPRYN,G,"56,754","60,824"
402,Z37,Brahmanbaria,R321,NABINAGAR,OXOFYLINE,G,"4,948","7,946"
403,Z37,Brahmanbaria,R321,NABINAGAR,REEF-D,G,"70,727","82,421"
404,Z37,Brahmanbaria,R321,NABINAGAR,SANGRIL,G,"1,574","1,574"
405,Z37,Brahmanbaria,R321,NABINAGAR,TREXAM,G,"2,249",900
406,Z37,Brahmanbaria,R321,NABINAGAR,VORIFAST,G,"80,435","76,462"
407,Z37,Brahmanbaria,R324,KOSBA,AVANZA,G,"17,586","13,538"
408,Z37,Brahmanbaria,R324,KOSBA,BONTIV,G,"15,868","11,334"
409,Z37,Brahmanbaria,R324,KOSBA,BROMOXOL,G,"1,034","2,155"
410,Z37,Brahmanbaria,R324,KOSBA,CAFEDON,G,"8,995","2,624"
411,Z37,Brahmanbaria,R324,KOSBA,EMISTAT,G,"212,418","230,911"
412,Z37,Brahmanbaria,R324,KOSBA,LYRIC,G,"70,629","65,502"
413,Z37,Brahmanbaria,R324,KOSBA,NIRVANA,G,"1,511",360
414,Z37,Brahmanbaria,R324,KOSBA,ROCIPRO,G,"2,834","2,204"
415,Z37,Brahmanbaria,R324,KOSBA,ROXETIL,G,"1,424",498
416,Z37,Brahmanbaria,R324,KOSBA,SLIMFAST,G,"26,987","41,019"
417,Z37,Brahmanbaria,R324,KOSBA,TICOPLAN,G,0,0
418,Z37,Brahmanbaria,R324,KOSBA,VISET,G,"115,780","96,106"
419,Z37,Brahmanbaria,R370,SARAIL,AVANZA,G,"6,522","7,826"
420,Z37,Brahmanbaria,R370,SARAIL,CLACIDO,G,"54,552","46,844"
421,Z37,Brahmanbaria,R370,SARAIL,CLEOCIN,G,"2,687","3,358"
422,Z37,Brahmanbaria,R370,SARAIL,DENVAR,G,"304,963","281,402"
423,Z37,Brahmanbaria,R370,SARAIL,EMISTAT,G,"140,133","127,284"
424,Z37,Brahmanbaria,R370,SARAIL,FUROTIL PLUS,G,"121,412","117,301"
425,Z37,Brahmanbaria,R370,SARAIL,LYRIC,G,"31,379","22,324"
426,Z37,Brahmanbaria,R370,SARAIL,MAXNOR,G,0,0
427,Z37,Brahmanbaria,R370,SARAIL,TREXAM,G,"1,799",900
428,Z37,Brahmanbaria,R541,AKHAURA,ABICON,G,"7,084","4,385"
429,Z37,Brahmanbaria,R541,AKHAURA,AERON,G,"82,234","83,359"
430,Z37,Brahmanbaria,R541,AKHAURA,ANGENTA,G,"105,322","80,584"
431,Z37,Brahmanbaria,R541,AKHAURA,AROXOL,G,"3,842","5,690"
432,Z37,Brahmanbaria,R541,AKHAURA,NOVEA,G,"2,249","3,103"
433,Z37,Brahmanbaria,R541,AKHAURA,OPAL,G,"40,479","44,228"
434,Z37,Brahmanbaria,R541,AKHAURA,ZEROPAIN,G,"13,449","12,099"
435,Z37,Brahmanbaria,R541,AKHAURA,ZYDUS,G,"5,037","3,778"
436,Z37,Brahmanbaria,R560,VIS-B.Baria,RESQUIN Eye Drop,V,"2,092",675
437,Z37,Brahmanbaria,R560,VIS-B.Baria,RESQUIN TS,V,"1,949","1,559"
438,Z37,Brahmanbaria,R560,VIS-B.Baria,SYNAMET,V,"3,418","2,069"
439,Z37,Brahmanbaria,R560,VIS-B.Baria,TRIDERM,V,"3,906","2,935"
440,Z37,Brahmanbaria,R560,VIS-B.Baria,ZOCARE,V,"3,448","3,448"
441,Z37,Brahmanbaria,R151,Brahmanbaria - B,AROXOL,G,"2,406","2,736"
442,Z37,Brahmanbaria,R151,Brahmanbaria - B,DENTRO,G,900,675
443,Z37,Brahmanbaria,R151,Brahmanbaria - B,IBIDA,G,"7,121","3,373"
444,Z37,Brahmanbaria,R151,Brahmanbaria - B,MENSIL N,G,"22,354","12,908"
445,Z37,Brahmanbaria,R151,Brahmanbaria - B,NOVEA,G,"2,249","1,529"
446,Z37,Brahmanbaria,R151,Brahmanbaria - B,RESQUIN,G,0,0
447,Z37,Brahmanbaria,R151,Brahmanbaria - B,ROZITH,G,"66,746","50,697"
448,Z37,Brahmanbaria,R151,Brahmanbaria - B,SERGEL,G,"2,589,116","2,301,140"
449,Z37,Brahmanbaria,R151,Brahmanbaria - B,SKILOX,G,"15,454","23,528"
450,Z37,Brahmanbaria,R151,Brahmanbaria - B,VIFAS,G,"13,085","6,597"
451,Z37,Brahmanbaria,R151,Brahmanbaria - B,ZILAS,G,"12,144","11,807"
452,Z37,Brahmanbaria,R153,MADHOBPUR,ABICON,G,"11,469","3,373"
453,Z37,Brahmanbaria,R153,MADHOBPUR,CEVION,G,0,0
454,Z37,Brahmanbaria,R153,MADHOBPUR,CLEOCIN,G,0,336
455,Z37,Brahmanbaria,R153,MADHOBPUR,DENVAR,G,"284,074","154,202"
456,Z37,Brahmanbaria,R153,MADHOBPUR,HYALGUN,G,0,"1,484"
457,Z37,Brahmanbaria,R153,MADHOBPUR,NEOPENEM,G,"3,373","5,397"
458,Z37,Brahmanbaria,R153,MADHOBPUR,NFT-100,G,"8,546","6,357"
459,Z37,Brahmanbaria,R153,MADHOBPUR,ORICEF,G,"184,814","126,553"
460,Z37,Brahmanbaria,R153,MADHOBPUR,PREGEL,G,0,0
461,Z37,Brahmanbaria,R153,MADHOBPUR,ROCEF,G,"2,226","1,432"
462,Z37,Brahmanbaria,R153,MADHOBPUR,SANTE,G,"10,120","8,883"
463,Z37,Brahmanbaria,R153,MADHOBPUR,SANTOGEN,G,"79,611","57,347"
464,Z37,Brahmanbaria,R153,MADHOBPUR,SOLIVO,G,"52,196","39,782"
465,Z37,Brahmanbaria,R153,MADHOBPUR,VISET,G,"107,440","83,651"
466,Z37,Brahmanbaria,R153,MADHOBPUR,ZYDUS,G,"5,457","2,519"
467,Z37,Brahmanbaria,R155,Brahmanbaria - C,LEXOPIL,G,"1,312","2,062"
468,Z37,Brahmanbaria,R155,Brahmanbaria - C,PREGEL,G,562,"2,751"
469,Z37,Brahmanbaria,R155,Brahmanbaria - C,SLIMFAST,G,"26,987","26,987"
470,Z37,Brahmanbaria,R155,Brahmanbaria - C,SYNDOL PLUS,G,0,0
471,Z37,Brahmanbaria,R155,Brahmanbaria - C,VISET,G,"69,176","73,628"
472,Z37,Brahmanbaria,R307,Brahmanbaria - A,ALCET,G,"131,370","125,186"
473,Z37,Brahmanbaria,R307,Brahmanbaria - A,AVANZA,G,"13,088","12,009"
474,Z37,Brahmanbaria,R307,Brahmanbaria - A,BONDROVA,G,"49,625","45,982"
475,Z37,Brahmanbaria,R307,Brahmanbaria - A,FOSFOGEN,G,"1,837","3,411"
476,Z37,Brahmanbaria,R307,Brahmanbaria - A,NAPRYN,G,"55,787","53,928"
477,Z37,Brahmanbaria,R307,Brahmanbaria - A,NIRVANA,G,486,"1,649"
478,Z37,Brahmanbaria,R307,Brahmanbaria - A,PRENAT,G,"15,113","13,673"
479,Z37,Brahmanbaria,R307,Brahmanbaria - A,ROXETIL,G,356,712
480,Z37,Brahmanbaria,R307,Brahmanbaria - A,SERGEL,G,"1,989,610","1,686,312"
481,Z37,Brahmanbaria,R307,Brahmanbaria - A,SLIMFAST,G,"33,463","46,417"
482,Z37,Brahmanbaria,R307,Brahmanbaria - A,SYNFLEX,G,0,0
483,Z37,Brahmanbaria,R307,Brahmanbaria - A,TICOPLAN,G,0,0
484,Z37,Brahmanbaria,R307,Brahmanbaria - A,VORIFAST,G,"52,024","47,676"
485,Z37,Brahmanbaria,R321,NABINAGAR,AVANZA,G,"11,649","9,040"
486,Z37,Brahmanbaria,R321,NABINAGAR,BONDROVA,G,"24,978","20,570"
487,Z37,Brahmanbaria,R321,NABINAGAR,D-VINE,G,"5,247","12,590"
488,Z37,Brahmanbaria,R321,NABINAGAR,NIRVANA,G,"1,139",342
489,Z37,Brahmanbaria,R321,NABINAGAR,NOVEA,G,"3,598","8,658"
490,Z37,Brahmanbaria,R321,NABINAGAR,NUTRILIVE,G,"2,624",0
491,Z37,Brahmanbaria,R321,NABINAGAR,PRENAT,G,"27,077","27,931"
492,Z37,Brahmanbaria,R321,NABINAGAR,ROXETIL,G,"2,065",712
493,Z37,Brahmanbaria,R321,NABINAGAR,SERGEL,G,"3,343,384","3,345,662"
494,Z37,Brahmanbaria,R321,NABINAGAR,SLIMFAST,G,"26,987","52,894"
495,Z37,Brahmanbaria,R321,NABINAGAR,STENER,G,"7,984","13,156"
496,Z37,Brahmanbaria,R324,KOSBA,FERISEN,G,"72,331","91,019"
497,Z37,Brahmanbaria,R324,KOSBA,LEXOPIL,G,"3,936","3,936"
498,Z37,Brahmanbaria,R324,KOSBA,PREGEL,G,375,"2,811"
499,Z37,Brahmanbaria,R324,KOSBA,RENOVIT,G,"71,964","69,018"
500,Z37,Brahmanbaria,R324,KOSBA,ROSELA,G,"4,408","14,528"
501,Z37,Brahmanbaria,R324,KOSBA,SANGRIL,G,"1,349",967
502,Z37,Brahmanbaria,R324,KOSBA,VECTRA,G,"10,232","13,606"
503,Z37,Brahmanbaria,R370,SARAIL,ALCET,G,"192,913","158,019"
504,Z37,Brahmanbaria,R370,SARAIL,CEVION,G,0,61
505,Z37,Brahmanbaria,R370,SARAIL,D-VINE,G,"2,717","3,403"
506,Z37,Brahmanbaria,R370,SARAIL,DANILO,G,"12,571","10,435"
507,Z37,Brahmanbaria,R370,SARAIL,FOSFOGEN,G,"1,574","1,574"
508,Z37,Brahmanbaria,R370,SARAIL,GEMICIN,G,0,0
509,Z37,Brahmanbaria,R370,SARAIL,MYOREL,G,"1,113",557
510,Z37,Brahmanbaria,R370,SARAIL,NAPRYN,G,"45,067","38,673"
511,Z37,Brahmanbaria,R370,SARAIL,NEOPENEM,G,"8,883","6,072"
512,Z37,Brahmanbaria,R370,SARAIL,NFT-100,G,"8,546","3,148"
513,Z37,Brahmanbaria,R370,SARAIL,NUTRILIVE,G,"1,312","1,574"
514,Z37,Brahmanbaria,R370,SARAIL,OXOFYLINE,G,"4,123","4,273"
515,Z37,Brahmanbaria,R370,SARAIL,PRENAT,G,"19,790","17,631"
516,Z37,Brahmanbaria,R370,SARAIL,REEF-D,G,"46,289","73,650"
517,Z37,Brahmanbaria,R370,SARAIL,ROCAL,G,"40,682","62,991"
518,Z37,Brahmanbaria,R370,SARAIL,ROXETIL,G,"3,988","1,424"
519,Z37,Brahmanbaria,R370,SARAIL,SANTE,G,"3,261",562
520,Z37,Brahmanbaria,R370,SARAIL,STENER,G,"6,522","4,723"
521,Z37,Brahmanbaria,R370,SARAIL,TERNILLA,G,"23,081","22,684"
522,Z37,Brahmanbaria,R541,AKHAURA,CANDINIL,G,"10,808","10,156"
523,Z37,Brahmanbaria,R541,AKHAURA,CEVION,G,0,0
524,Z37,Brahmanbaria,R541,AKHAURA,CLONATRIL,G,"46,912",0
525,Z37,Brahmanbaria,R541,AKHAURA,D-VINE,G,"3,763","9,813"
526,Z37,Brahmanbaria,R541,AKHAURA,DANILO,G,"10,772","8,793"
527,Z37,Brahmanbaria,R541,AKHAURA,FOSFOGEN,G,"1,312","2,624"
528,Z37,Brahmanbaria,R541,AKHAURA,NAPRYN,G,"74,025","78,080"
529,Z37,Brahmanbaria,R541,AKHAURA,NEOPENEM,G,"11,807",0
530,Z37,Brahmanbaria,R541,AKHAURA,NFT-100,G,"2,249",450
531,Z37,Brahmanbaria,R541,AKHAURA,ORICEF,G,"161,328","168,359"
532,Z37,Brahmanbaria,R541,AKHAURA,OXOFYLINE,G,"3,673","5,547"
533,Z37,Brahmanbaria,R541,AKHAURA,PALZEN,G,375,0
534,Z37,Brahmanbaria,R541,AKHAURA,PRENAT,G,"13,178","12,774"
535,Z37,Brahmanbaria,R541,AKHAURA,REEF-D,G,"44,677","62,818"
536,Z37,Brahmanbaria,R541,AKHAURA,SANTE,G,"18,665","10,120"
537,Z37,Brahmanbaria,R541,AKHAURA,SANTOGEN,G,"47,902","29,011"
538,Z37,Brahmanbaria,R541,AKHAURA,ZOVENTA,G,"23,118","13,043"
539,Z37,Brahmanbaria,R560,VIS-B.Baria,BLUDROP,V,"1,199",825
540,Z37,Brahmanbaria,R560,VIS-B.Baria,EYELIA,V,259,0
541,Z37,Brahmanbaria,R560,VIS-B.Baria,FLUMETOL INHALER,R,"150,360","168,531"
542,Z37,Brahmanbaria,R560,VIS-B.Baria,LATUDA,V,"5,060","9,558"
543,Z37,Brahmanbaria,R560,VIS-B.Baria,LUVIO,V,"12,369","4,498"
544,Z37,Brahmanbaria,R560,VIS-B.Baria,ROCIPRO. ED,V,"7,488","5,936"
545,Z37,Brahmanbaria,R560,VIS-B.Baria,SERGEL,G,0,"7,121"
546,Z37,Brahmanbaria,R560,VIS-B.Baria,SILVERAX,V,"2,815","1,282"
547,Z37,Brahmanbaria,R560,VIS-B.Baria,SIZONIL,V,"41,530","37,444"
548,Z37,Brahmanbaria,R560,VIS-B.Baria,TITAN,R,540,180
549,Z37,Brahmanbaria,R560,VIS-B.Baria,VASOACTIN,V,0,0
550,Z37,Brahmanbaria,R151,Brahmanbaria - B,ABICON,G,"8,995","5,172"
551,Z37,Brahmanbaria,R151,Brahmanbaria - B,ACTILAC,G,"3,467","4,779"
552,Z37,Brahmanbaria,R151,Brahmanbaria - B,BONDROVA,G,"32,324","22,039"
553,Z37,Brahmanbaria,R151,Brahmanbaria - B,D-VINE,G,"6,297","10,225"
554,Z37,Brahmanbaria,R151,Brahmanbaria - B,FELURIC,G,"1,349",540
555,Z37,Brahmanbaria,R151,Brahmanbaria - B,FOSFOGEN,G,"2,624","3,936"
556,Z37,Brahmanbaria,R151,Brahmanbaria - B,FUROTIL,G,"71,799","58,055"
557,Z37,Brahmanbaria,R151,Brahmanbaria - B,LEXOPIL,G,"1,687","1,874"
558,Z37,Brahmanbaria,R151,Brahmanbaria - B,ROCEF,G,"8,051","10,281"
559,Z37,Brahmanbaria,R151,Brahmanbaria - B,SYNFLEX,G,0,0
560,Z37,Brahmanbaria,R151,Brahmanbaria - B,VORIFAST,G,"48,726","44,378"
561,Z37,Brahmanbaria,R153,MADHOBPUR,AROXOL,G,"2,414","1,612"
562,Z37,Brahmanbaria,R153,MADHOBPUR,CANDINIL,G,"20,780","19,102"
563,Z37,Brahmanbaria,R155,Brahmanbaria - C,ALINIX,G,"10,072","19,833"
564,Z37,Brahmanbaria,R155,Brahmanbaria - C,BROMOXOL,G,"1,601",918
565,Z37,Brahmanbaria,R155,Brahmanbaria - C,FERISEN,G,"54,505","86,401"
566,Z37,Brahmanbaria,R155,Brahmanbaria - C,MYOREL,G,"1,968","2,524"
567,Z37,Brahmanbaria,R155,Brahmanbaria - C,NAPRYN,G,"63,665","69,925"
568,Z37,Brahmanbaria,R155,Brahmanbaria - C,ORICEF,G,"464,426","623,121"
569,Z37,Brahmanbaria,R155,Brahmanbaria - C,OXOFYLINE,G,"3,223","3,223"
570,Z37,Brahmanbaria,R155,Brahmanbaria - C,POGO,G,"46,175","32,158"
571,Z37,Brahmanbaria,R155,Brahmanbaria - C,PRENAT,G,"14,168","15,293"
572,Z37,Brahmanbaria,R155,Brahmanbaria - C,ROCAL,G,"35,922","42,188"
573,Z37,Brahmanbaria,R155,Brahmanbaria - C,SANGRIL,G,"3,193","5,645"
574,Z37,Brahmanbaria,R155,Brahmanbaria - C,SANTOGEN,G,"55,998","42,504"
575,Z37,Brahmanbaria,R155,Brahmanbaria - C,ZEROPAIN,G,"19,311","16,627"
576,Z37,Brahmanbaria,R155,Brahmanbaria - C,ZYDUS,G,"7,556","7,556"
577,Z37,Brahmanbaria,R307,Brahmanbaria - A,PALZEN,G,375,375
578,Z37,Brahmanbaria,R307,Brahmanbaria - A,STENER,G,"7,646","4,948"
579,Z37,Brahmanbaria,R307,Brahmanbaria - A,TERNILLA,G,"18,748","19,018"
580,Z37,Brahmanbaria,R307,Brahmanbaria - A,VECTRA,G,"3,448","3,598"
581,Z37,Brahmanbaria,R321,NABINAGAR,ALCET,G,"185,192","178,334"
582,Z37,Brahmanbaria,R321,NABINAGAR,VECTRA,G,"7,309","7,196"
583,Z37,Brahmanbaria,R321,NABINAGAR,ZOVENTA,G,"49,925","37,781"
584,Z37,Brahmanbaria,R324,KOSBA,AROXOL,G,"7,103","11,256"
585,Z37,Brahmanbaria,R324,KOSBA,BONDROVA,G,"20,570","20,570"
586,Z37,Brahmanbaria,R324,KOSBA,ESITA,G,"36,057","40,855"
587,Z37,Brahmanbaria,R324,KOSBA,FELURIC,G,"1,619","1,889"
588,Z37,Brahmanbaria,R324,KOSBA,FUROTIL,G,"108,531","98,733"
589,Z37,Brahmanbaria,R324,KOSBA,HYALGUN,G,0,0
590,Z37,Brahmanbaria,R324,KOSBA,OXAGON,G,562,0
591,Z37,Brahmanbaria,R324,KOSBA,ROCEF,G,"2,800","6,034"
592,Z37,Brahmanbaria,R324,KOSBA,SERGEL,G,"3,581,239","3,716,619"
593,Z37,Brahmanbaria,R324,KOSBA,ZOVENTA,G,"45,607","31,124"
594,Z37,Brahmanbaria,R370,SARAIL,ABICON,G,"12,818","5,622"
595,Z37,Brahmanbaria,R370,SARAIL,FUROTIL,G,"99,891","83,605"
596,Z37,Brahmanbaria,R370,SARAIL,NOVEA,G,"2,474","2,204"
597,Z37,Brahmanbaria,R370,SARAIL,OPAL,G,"46,312","63,178"
598,Z37,Brahmanbaria,R370,SARAIL,ZEROPAIN,G,"24,543","24,558"
599,Z37,Brahmanbaria,R541,AKHAURA,AVANZA,G,"7,826","3,328"
600,Z37,Brahmanbaria,R541,AKHAURA,CLACIDO,G,"36,770","50,669"
601,Z37,Brahmanbaria,R541,AKHAURA,CLEOCIN,G,0,0
602,Z37,Brahmanbaria,R541,AKHAURA,DENVAR,G,"221,244","213,669"
603,Z37,Brahmanbaria,R541,AKHAURA,LYRIC,G,"52,608","42,144"
604,Z37,Brahmanbaria,R541,AKHAURA,ROXETIL,G,142,712
605,Z37,Brahmanbaria,R541,AKHAURA,TREXAM,G,0,450
606,Z37,Brahmanbaria,R541,AKHAURA,ZILAS,G,"19,565","16,192"
607,Z37,Brahmanbaria,R560,VIS-B.Baria,ALCET,G,0,375
608,Z37,Brahmanbaria,R560,VIS-B.Baria,AZOBRIN,V,"2,624","3,748"
609,Z37,Brahmanbaria,R560,VIS-B.Baria,BETAVAL,V,"15,399","18,094"
610,Z37,Brahmanbaria,R560,VIS-B.Baria,COMBIVER,R,"6,274","7,489"
611,Z37,Brahmanbaria,R560,VIS-B.Baria,DELPARK,V,"20,795","23,437"
612,Z37,Brahmanbaria,R560,VIS-B.Baria,DISYS,C,0,225
613,Z37,Brahmanbaria,R560,VIS-B.Baria,ELMISAN,V,"9,595","8,996"
614,Z37,Brahmanbaria,R560,VIS-B.Baria,FLOWRAP,V,"19,161","22,219"
615,Z37,Brahmanbaria,R560,VIS-B.Baria,TAMISOL D,V,"4,048","6,297"
616,Z37,Brahmanbaria,R560,VIS-B.Baria,TOBREL,V,"1,199",0
617,Z37,Brahmanbaria,R151,Brahmanbaria - B,BONTIV,G,"6,549","4,534"
618,Z37,Brahmanbaria,R151,Brahmanbaria - B,EMISTAT,G,"183,709","190,140"
619,Z37,Brahmanbaria,R151,Brahmanbaria - B,ESITA,G,"42,279","45,427"
620,Z37,Brahmanbaria,R151,Brahmanbaria - B,HYALGUN,G,0,0
621,Z37,Brahmanbaria,R151,Brahmanbaria - B,NEOPENEM,G,"28,561","188,569"
622,Z37,Brahmanbaria,R151,Brahmanbaria - B,NUTRILIVE,G,"2,361",0
623,Z37,Brahmanbaria,R151,Brahmanbaria - B,OXAGON,G,0,0
624,Z37,Brahmanbaria,R151,Brahmanbaria - B,ROCIPRO,G,"1,574",0
625,Z37,Brahmanbaria,R151,Brahmanbaria - B,ROSELA,G,"2,924","3,373"
626,Z37,Brahmanbaria,R151,Brahmanbaria - B,SYNDOL,G,0,0
627,Z37,Brahmanbaria,R151,Brahmanbaria - B,ZOVENTA,G,"42,909","30,765"
628,Z37,Brahmanbaria,R153,MADHOBPUR,ACTILAC,G,"4,310","9,276"
629,Z37,Brahmanbaria,R153,MADHOBPUR,ALCET,G,"260,342","250,897"
630,Z37,Brahmanbaria,R153,MADHOBPUR,ALINIX,G,"6,080","5,754"
631,Z37,Brahmanbaria,R153,MADHOBPUR,BROMOXOL,G,738,581
632,Z37,Brahmanbaria,R153,MADHOBPUR,DENTRO,G,"5,038","1,124"
633,Z37,Brahmanbaria,R153,MADHOBPUR,NAPRYN,G,"59,100","47,624"
634,Z37,Brahmanbaria,R153,MADHOBPUR,NIRVANA,G,0,0
635,Z37,Brahmanbaria,R153,MADHOBPUR,NUTRILIVE,G,"8,396","2,886"
636,Z37,Brahmanbaria,R153,MADHOBPUR,OXOFYLINE,G,"4,648","8,096"
637,Z37,Brahmanbaria,R153,MADHOBPUR,POGO,G,"84,705","40,853"
638,Z37,Brahmanbaria,R153,MADHOBPUR,PRENAT,G,"31,304","25,772"
639,Z37,Brahmanbaria,R153,MADHOBPUR,RESQUIN,G,0,270
640,Z37,Brahmanbaria,R153,MADHOBPUR,SKILOX,G,"19,093","12,369"
641,Z37,Brahmanbaria,R153,MADHOBPUR,VIFAS,G,"20,056","12,095"
642,Z37,Brahmanbaria,R153,MADHOBPUR,ZEROPAIN,G,"19,611","12,459"
643,Z37,Brahmanbaria,R155,Brahmanbaria - C,CAFEDON,G,"5,997","6,747"
644,Z37,Brahmanbaria,R155,Brahmanbaria - C,CANDINIL,G,"12,351","9,477"
645,Z37,Brahmanbaria,R155,Brahmanbaria - C,CLACIDO,G,"42,355","30,615"
646,Z37,Brahmanbaria,R155,Brahmanbaria - C,DANILO,G,"5,442","7,466"
647,Z37,Brahmanbaria,R155,Brahmanbaria - C,OPAL,G,"26,612","21,739"
648,Z37,Brahmanbaria,R155,Brahmanbaria - C,PALZEN,G,0,0
649,Z37,Brahmanbaria,R155,Brahmanbaria - C,REEF-D,G,"55,997","65,180"
650,Z37,Brahmanbaria,R155,Brahmanbaria - C,TERNILLA,G,"30,743","29,671"
651,Z37,Brahmanbaria,R155,Brahmanbaria - C,TREXAM,G,"1,799",0
652,Z37,Brahmanbaria,R155,Brahmanbaria - C,VASPINE,G,0,"1,199"
653,Z37,Brahmanbaria,R307,Brahmanbaria - A,CANDINIL,G,"10,781","8,523"
654,Z37,Brahmanbaria,R307,Brahmanbaria - A,CEVION,G,0,61
655,Z37,Brahmanbaria,R307,Brahmanbaria - A,DANILO,G,"8,816","5,892"
656,Z37,Brahmanbaria,R307,Brahmanbaria - A,LYRIC,G,"49,985","48,036"
657,Z37,Brahmanbaria,R307,Brahmanbaria - A,MYOREL,G,"1,113",371
658,Z37,Brahmanbaria,R307,Brahmanbaria - A,NFT-100,G,"4,498","5,907"
659,Z37,Brahmanbaria,R307,Brahmanbaria - A,ORICEF,G,"574,846","925,881"
660,Z37,Brahmanbaria,R307,Brahmanbaria - A,ROCAL,G,"34,339","32,609"
661,Z37,Brahmanbaria,R307,Brahmanbaria - A,ROSELA,G,"2,969","2,699"
662,Z37,Brahmanbaria,R307,Brahmanbaria - A,SANTE,G,"8,883","4,835"
663,Z37,Brahmanbaria,R307,Brahmanbaria - A,SANTOGEN,G,"52,849","42,954"
664,Z37,Brahmanbaria,R307,Brahmanbaria - A,ZYDUS,G,"7,976","4,618"
665,Z37,Brahmanbaria,R321,NABINAGAR,CANDINIL,G,"23,159","19,835"
666,Z37,Brahmanbaria,R321,NABINAGAR,CEVION,G,"1,696","3,756"
667,Z37,Brahmanbaria,R321,NABINAGAR,LYRIC,G,"49,985","46,642"
668,Z37,Brahmanbaria,R321,NABINAGAR,MYOREL,G,"5,869","3,233"
669,Z37,Brahmanbaria,R321,NABINAGAR,NFT-100,G,"7,646","1,349"
670,Z37,Brahmanbaria,R321,NABINAGAR,ORICEF,G,"262,829","156,838"
671,Z37,Brahmanbaria,R321,NABINAGAR,PREGEL,G,937,562
672,Z37,Brahmanbaria,R321,NABINAGAR,ROCAL,G,"71,827","79,553"
673,Z37,Brahmanbaria,R321,NABINAGAR,SANTE,G,"33,057","25,411"
674,Z37,Brahmanbaria,R321,NABINAGAR,SANTOGEN,G,"56,223","52,399"
675,Z37,Brahmanbaria,R324,KOSBA,ACTILAC,G,"2,624","2,905"
676,Z37,Brahmanbaria,R324,KOSBA,CLONATRIL,G,"36,612",0
677,Z37,Brahmanbaria,R324,KOSBA,GEMICIN,G,0,0
678,Z37,Brahmanbaria,R324,KOSBA,NUTRILIVE,G,"1,574",0
679,Z37,Brahmanbaria,R324,KOSBA,SYNDOL,G,0,0
680,Z37,Brahmanbaria,R324,KOSBA,SYNFLEX,G,0,191
681,Z37,Brahmanbaria,R324,KOSBA,VORIFAST,G,"73,164","82,309"
682,Z37,Brahmanbaria,R370,SARAIL,DENTRO,G,900,0
683,Z37,Brahmanbaria,R370,SARAIL,IBIDA,G,0,"2,999"
684,Z37,Brahmanbaria,R370,SARAIL,MENSIL N,G,"17,631","10,705"
685,Z37,Brahmanbaria,R370,SARAIL,NIRVANA,G,882,660
686,Z37,Brahmanbaria,R370,SARAIL,PREGEL,G,750,750
687,Z37,Brahmanbaria,R370,SARAIL,SANGRIL,G,"4,453","4,678"
688,Z37,Brahmanbaria,R370,SARAIL,SKILOX,G,"26,367","21,828"
689,Z37,Brahmanbaria,R370,SARAIL,SLIMFAST,G,"8,636","12,954"
690,Z37,Brahmanbaria,R370,SARAIL,SYNDOL PLUS,G,0,0
691,Z37,Brahmanbaria,R370,SARAIL,VECTRA,G,"3,523","2,136"
692,Z37,Brahmanbaria,R541,AKHAURA,DENTRO,G,"1,124",0
693,Z37,Brahmanbaria,R541,AKHAURA,IBIDA,G,0,"3,373"
694,Z37,Brahmanbaria,R541,AKHAURA,MENSIL N,G,"18,261","10,390"
695,Z37,Brahmanbaria,R541,AKHAURA,NIRVANA,G,360,114
696,Z37,Brahmanbaria,R541,AKHAURA,PREGEL,G,187,0
697,Z37,Brahmanbaria,R541,AKHAURA,SANGRIL,G,"1,124","3,711"
698,Z37,Brahmanbaria,R541,AKHAURA,SKILOX,G,"17,259","18,957"
699,Z37,Brahmanbaria,R541,AKHAURA,SLIMFAST,G,"23,748","33,463"
700,Z37,Brahmanbaria,R541,AKHAURA,VECTRA,G,"3,823","4,423"
701,Z37,Brahmanbaria,R560,VIS-B.Baria,ADAPEL,V,"8,276","13,719"
702,Z37,Brahmanbaria,R560,VIS-B.Baria,FLEXIMOOV,V,"5,496","5,649"
703,Z37,Brahmanbaria,R560,VIS-B.Baria,FORMOCORT EASYCAP,R,607,"1,822"
704,Z37,Brahmanbaria,R560,VIS-B.Baria,HYPNOCUM,V,"5,847","7,421"
705,Z37,Brahmanbaria,R560,VIS-B.Baria,POVIDEX,V,"85,429","94,252"
706,Z37,Brahmanbaria,R560,VIS-B.Baria,RASAGIL,V,"13,418","12,594"
